D,h,Cl_cyc,rk_2,rats_predicted
-19995,32,"[8, 2, 2]",3,8
-19987,16,"[8, 2]",2,4
-19972,32,"[32]",1,2
-19947,16,"[4, 4]",2,4
-19924,32,"[16, 2]",2,4
-19812,32,"[8, 2, 2]",3,8
-19720,32,"[8, 2, 2]",3,8
-19711,128,"[128]",1,2
-19635,32,"[4, 2, 2, 2]",4,16
-19608,32,"[8, 2, 2]",3,8
-19560,32,"[8, 2, 2]",3,8
-19412,64,"[32, 2]",2,4
-19411,32,"[16, 2]",2,4
-19380,32,"[4, 2, 2, 2]",4,16
-19364,64,"[32, 2]",2,4
-19320,32,"[4, 2, 2, 2]",4,16
-19299,32,"[16, 2]",2,4
-19272,32,"[8, 2, 2]",3,8
-19240,32,"[4, 4, 2]",3,8
-19227,32,"[8, 2, 2]",3,8
-19195,16,"[8, 2]",2,4
-19176,64,"[16, 2, 2]",3,8
-19147,16,"[16]",1,2
-19108,32,"[8, 4]",2,4
-19095,128,"[32, 2, 2]",3,8
-19047,64,"[32, 2]",2,4
-19019,64,"[16, 2, 2]",3,8
-19011,32,"[32]",1,2
-18995,32,"[16, 2]",2,4
-18952,32,"[16, 2]",2,4
-18907,16,"[8, 2]",2,4
-18883,16,"[16]",1,2
-18879,128,"[32, 2, 2]",3,8
-18872,64,"[16, 4]",2,4
-18840,64,"[16, 2, 2]",3,8
-18808,32,"[32]",1,2
-18760,32,"[8, 2, 2]",3,8
-18715,16,"[8, 2]",2,4
-18676,32,"[8, 2, 2]",3,8
-18655,64,"[16, 2, 2]",3,8
-18632,64,"[16, 4]",2,4
-18580,32,"[16, 2]",2,4
-18564,64,"[8, 2, 2, 2]",4,16
-18532,32,"[8, 4]",2,4
-18487,64,"[32, 2]",2,4
-18420,64,"[16, 2, 2]",3,8
-18408,32,"[8, 2, 2]",3,8
-18403,16,"[8, 2]",2,4
-18323,32,"[32]",1,2
-18308,64,"[32, 2]",2,4
-18295,64,"[64]",1,2
-18291,32,"[8, 2, 2]",3,8
-18219,32,"[32]",1,2
-18111,64,"[64]",1,2
-18039,128,"[64, 2]",2,4
-18020,64,"[16, 2, 2]",3,8
-17995,32,"[16, 2]",2,4
-17963,32,"[16, 2]",2,4
-17924,64,"[64]",1,2
-17899,32,"[32]",1,2
-17880,32,"[8, 2, 2]",3,8
-17864,64,"[16, 2, 2]",3,8
-17795,32,"[32]",1,2
-17780,64,"[16, 2, 2]",3,8
-17731,32,"[16, 2]",2,4
-17699,64,"[64]",1,2
-17688,32,"[8, 2, 2]",3,8
-17656,32,"[32]",1,2
-17608,32,"[16, 2]",2,4
-17535,64,"[16, 2, 2]",3,8
-17528,64,"[32, 2]",2,4
-17524,32,"[16, 2]",2,4
-17515,16,"[8, 2]",2,4
-17495,128,"[128]",1,2
-17427,16,"[4, 4]",2,4
-17391,128,"[32, 2, 2]",3,8
-17355,32,"[8, 2, 2]",3,8
-17347,16,"[8, 2]",2,4
-17323,16,"[16]",1,2
-17304,64,"[16, 2, 2]",3,8
-17284,32,"[16, 2]",2,4
-17272,32,"[8, 4]",2,4
-17227,16,"[8, 2]",2,4
-17220,32,"[4, 2, 2, 2]",4,16
-17195,64,"[32, 2]",2,4
-17119,64,"[32, 2]",2,4
-17115,32,"[8, 2, 2]",3,8
-17112,32,"[8, 2, 2]",3,8
-17080,32,"[8, 2, 2]",3,8
-16996,32,"[16, 2]",2,4
-16995,32,"[8, 2, 2]",3,8
-16899,32,"[16, 2]",2,4
-16835,32,"[8, 2, 2]",3,8
-16779,32,"[8, 2, 2]",3,8
-16723,16,"[16]",1,2
-16692,32,"[8, 2, 2]",3,8
-16644,64,"[16, 2, 2]",3,8
-16583,128,"[64, 2]",2,4
-16555,16,"[4, 2, 2]",3,8
-16548,32,"[8, 2, 2]",3,8
-16531,16,"[16]",1,2
-16504,32,"[32]",1,2
-16467,32,"[16, 2]",2,4
-16440,32,"[8, 2, 2]",3,8
-16419,32,"[16, 2]",2,4
-16391,128,"[128]",1,2
-16388,32,"[16, 2]",2,4
-16347,16,"[16]",1,2
-16343,128,"[128]",1,2
-16260,64,"[16, 2, 2]",3,8
-16259,64,"[64]",1,2
-16212,32,"[8, 2, 2]",3,8
-16211,64,"[32, 2]",2,4
-16203,32,"[16, 2]",2,4
-16195,16,"[8, 2]",2,4
-16071,128,"[64, 2]",2,4
-16051,32,"[32]",1,2
-16043,32,"[32]",1,2
-16035,32,"[16, 2]",2,4
-16027,16,"[8, 2]",2,4
-16008,32,"[8, 2, 2]",3,8
-15879,128,"[64, 2]",2,4
-15860,64,"[16, 2, 2]",3,8
-15847,64,"[32, 2]",2,4
-15796,32,"[16, 2]",2,4
-15771,32,"[16, 2]",2,4
-15736,32,"[8, 4]",2,4
-15715,16,"[8, 2]",2,4
-15656,64,"[32, 2]",2,4
-15635,32,"[16, 2]",2,4
-15627,32,"[32]",1,2
-15620,64,"[16, 2, 2]",3,8
-15608,64,"[64]",1,2
-15547,16,"[16]",1,2
-15515,32,"[16, 2]",2,4
-15428,64,"[16, 2, 2]",3,8
-15403,16,"[16]",1,2
-15387,16,"[8, 2]",2,4
-15315,32,"[16, 2]",2,4
-15304,32,"[32]",1,2
-15236,64,"[32, 2]",2,4
-15231,128,"[128]",1,2
-15220,32,"[16, 2]",2,4
-15171,32,"[16, 2]",2,4
-15135,64,"[32, 2]",2,4
-15099,32,"[16, 2]",2,4
-15095,128,"[128]",1,2
-15067,16,"[8, 2]",2,4
-15035,32,"[16, 2]",2,4
-15011,64,"[64]",1,2
-14995,16,"[16]",1,2
-14964,64,"[16, 2, 2]",3,8
-14948,64,"[32, 2]",2,4
-14927,128,"[64, 2]",2,4
-14852,64,"[32, 2]",2,4
-14820,32,"[4, 2, 2, 2]",4,16
-14807,64,"[32, 2]",2,4
-14795,32,"[8, 4]",2,4
-14763,16,"[4, 2, 2]",3,8
-14728,32,"[16, 2]",2,4
-14707,16,"[8, 2]",2,4
-14663,128,"[64, 2]",2,4
-14647,64,"[64]",1,2
-14584,32,"[32]",1,2
-14547,16,"[4, 4]",2,4
-14531,64,"[64]",1,2
-14439,128,"[128]",1,2
-14424,32,"[16, 2]",2,4
-14403,16,"[16]",1,2
-14395,32,"[32]",1,2
-14388,32,"[8, 2, 2]",3,8
-14383,64,"[64]",1,2
-14371,16,"[16]",1,2
-14344,32,"[16, 2]",2,4
-14299,32,"[32]",1,2
-14280,32,"[4, 2, 2, 2]",4,16
-14183,64,"[64]",1,2
-14155,16,"[4, 4]",2,4
-14088,32,"[16, 2]",2,4
-14020,32,"[16, 2]",2,4
-14008,16,"[4, 4]",2,4
-13988,32,"[16, 2]",2,4
-13972,32,"[16, 2]",2,4
-13908,32,"[8, 2, 2]",3,8
-13848,32,"[16, 2]",2,4
-13827,16,"[8, 2]",2,4
-13819,16,"[16]",1,2
-13812,32,"[16, 2]",2,4
-13795,16,"[8, 2]",2,4
-13755,32,"[8, 2, 2]",3,8
-13748,32,"[16, 2]",2,4
-13715,32,"[16, 2]",2,4
-13683,32,"[32]",1,2
-13607,128,"[128]",1,2
-13560,32,"[8, 2, 2]",3,8
-13515,32,"[8, 2, 2]",3,8
-13507,16,"[16]",1,2
-13503,64,"[32, 2]",2,4
-13432,32,"[8, 4]",2,4
-13363,16,"[8, 2]",2,4
-13335,64,"[16, 2, 2]",3,8
-13332,32,"[8, 2, 2]",3,8
-13323,16,"[16]",1,2
-13307,32,"[32]",1,2
-13295,128,"[128]",1,2
-13288,16,"[8, 2]",2,4
-13272,32,"[8, 2, 2]",3,8
-13208,64,"[32, 2]",2,4
-13195,16,"[4, 2, 2]",3,8
-13192,16,"[8, 2]",2,4
-13160,64,"[16, 2, 2]",3,8
-13143,64,"[16, 4]",2,4
-13123,16,"[16]",1,2
-13048,32,"[8, 4]",2,4
-12948,32,"[8, 2, 2]",3,8
-12927,64,"[32, 2]",2,4
-12868,16,"[16]",1,2
-12859,16,"[8, 2]",2,4
-12840,32,"[8, 2, 2]",3,8
-12835,16,"[8, 2]",2,4
-12804,32,"[8, 2, 2]",3,8
-12803,32,"[16, 2]",2,4
-12792,32,"[8, 2, 2]",3,8
-12788,64,"[32, 2]",2,4
-12783,64,"[64]",1,2
-12772,16,"[8, 2]",2,4
-12747,16,"[8, 2]",2,4
-12664,32,"[32]",1,2
-12660,32,"[8, 2, 2]",3,8
-12616,32,"[16, 2]",2,4
-12595,16,"[4, 4]",2,4
-12580,32,"[8, 2, 2]",3,8
-12523,16,"[16]",1,2
-12488,32,"[16, 2]",2,4
-12440,64,"[32, 2]",2,4
-12424,32,"[32]",1,2
-12404,64,"[32, 2]",2,4
-12387,16,"[16]",1,2
-12259,16,"[8, 2]",2,4
-12232,32,"[16, 2]",2,4
-12199,64,"[64]",1,2
-12180,32,"[4, 2, 2, 2]",4,16
-12171,32,"[32]",1,2
-12095,128,"[32, 4]",2,4
-12084,32,"[8, 2, 2]",3,8
-12052,32,"[16, 2]",2,4
-12040,32,"[8, 2, 2]",3,8
-12035,32,"[16, 2]",2,4
-12027,16,"[8, 2]",2,4
-11995,16,"[16]",1,2
-11976,64,"[32, 2]",2,4
-11963,32,"[32]",1,2
-11940,32,"[8, 2, 2]",3,8
-11848,16,"[16]",1,2
-11832,32,"[8, 2, 2]",3,8
-11796,32,"[16, 2]",2,4
-11784,32,"[16, 2]",2,4
-11780,64,"[16, 2, 2]",3,8
-11739,32,"[8, 2, 2]",3,8
-11715,16,"[4, 2, 2]",3,8
-11684,64,"[32, 2]",2,4
-11635,16,"[8, 2]",2,4
-11572,16,"[8, 2]",2,4
-11571,32,"[8, 2, 2]",3,8
-11563,16,"[16]",1,2
-11528,64,"[32, 2]",2,4
-11523,16,"[8, 2]",2,4
-11512,16,"[16]",1,2
-11460,32,"[8, 2, 2]",3,8
-11451,32,"[16, 2]",2,4
-11396,64,"[16, 2, 2]",3,8
-11387,32,"[32]",1,2
-11380,32,"[16, 2]",2,4
-11332,32,"[32]",1,2
-11316,32,"[8, 2, 2]",3,8
-11284,32,"[8, 2, 2]",3,8
-11203,16,"[16]",1,2
-11195,32,"[32]",1,2
-11179,16,"[16]",1,2
-11140,32,"[16, 2]",2,4
-11107,16,"[16]",1,2
-11092,16,"[8, 2]",2,4
-11091,32,"[32]",1,2
-11067,16,"[4, 2, 2]",3,8
-11039,128,"[64, 2]",2,4
-10999,64,"[64]",1,2
-10968,32,"[16, 2]",2,4
-10963,16,"[16]",1,2
-10948,16,"[4, 2, 2]",3,8
-10932,32,"[16, 2]",2,4
-10920,32,"[4, 2, 2, 2]",4,16
-10868,32,"[8, 2, 2]",3,8
-10843,16,"[16]",1,2
-10824,32,"[8, 2, 2]",3,8
-10803,16,"[4, 4]",2,4
-10744,32,"[16, 2]",2,4
-10696,32,"[16, 2]",2,4
-10676,64,"[32, 2]",2,4
-10660,32,"[8, 2, 2]",3,8
-10635,16,"[8, 2]",2,4
-10628,32,"[32]",1,2
-10623,64,"[64]",1,2
-10619,32,"[16, 2]",2,4
-10587,16,"[16]",1,2
-10563,16,"[8, 2]",2,4
-10547,32,"[32]",1,2
-10532,32,"[32]",1,2
-10468,32,"[32]",1,2
-10420,16,"[8, 2]",2,4
-10419,32,"[16, 2]",2,4
-10387,16,"[8, 2]",2,4
-10356,32,"[16, 2]",2,4
-10327,32,"[32]",1,2
-10312,16,"[16]",1,2
-10295,128,"[32, 4]",2,4
-10276,32,"[16, 2]",2,4
-10244,64,"[32, 2]",2,4
-10232,64,"[64]",1,2
-10227,16,"[8, 2]",2,4
-10203,16,"[8, 2]",2,4
-10195,16,"[16]",1,2
-10184,64,"[32, 2]",2,4
-10183,64,"[64]",1,2
-10168,16,"[4, 4]",2,4
-10132,16,"[8, 2]",2,4
-10084,32,"[32]",1,2
-10052,32,"[16, 2]",2,4
-10024,32,"[16, 2]",2,4
-10023,64,"[32, 2]",2,4
